[
  {
    "id": 1,
    "image": "/assets/img/blog/blog-1.jpg",
    "category": ["lifestyle", "men"],
    "title": "Consectetur adipiscing elit sedeiusmod tempor incididunt",
    "url": "/blog-details-standard",
    "author": "Admin",
    "authorUrl": "/blog-standard"
  },
  {
    "id": 2,
    "image": "/assets/img/blog/blog-2.jpg",
    "category": ["lifestyle"],
    "title": "Consectetur adipiscing elit sedeiusmod tempor incididunt",
    "url": "/blog-details-standard",
    "author": "Admin",
    "authorUrl": "/blog-standard"
  },
  {
    "id": 3,
    "image": "/assets/img/blog/blog-3.jpg",
    "category": ["lifestyle"],
    "title": "Consectetur adipiscing elit sedeiusmod tempor incididunt",
    "url": "/blog-details-standard",
    "author": "Admin",
    "authorUrl": "/blog-standard"
  }
]
