[
  {
    "id": "1",
    "image": "/assets/img/team/astro2.jpg",
    "fbLink": "//www.facebook.com",
    "twitterLink": "//www.twitter.com",
    "instagramLink": "//www.instagram.com",
    "name": "Mr.Mike Banding",
    "position": "Manager"
  },
  {
    "id": "2",
    "image": "/assets/img/team/astro1.jpg",
    "fbLink": "//www.facebook.com",
    "twitterLink": "//www.twitter.com",
    "instagramLink": "//www.instagram.com",
    "name": "Mr.Peter Pan",
    "position": "Developer"
  },
  {
    "id": "3",
    "image": "/assets/img/team/astro3.jpg",
    "fbLink": "//www.facebook.com",
    "twitterLink": "//www.twitter.com",
    "instagramLink": "//www.instagram.com",
    "name": "Ms.Sophia",
    "position": "Designer"
  },
  {
    "id": "4",
    "image": "/assets/img/team/astro2.jpg",
    "fbLink": "//www.facebook.com",
    "twitterLink": "//www.twitter.com",
    "instagramLink": "//www.instagram.com",
    "name": "Mr.John Lee",
    "position": "Chairman"
  }
]
